Device,Num_Files
"'grep' is not recognized as an internal or external command,
operable program or batch file.",100
HNP094T2               device product:LenovoTB-X6C6F,100
HNP094T2               device product:LenovoTB-X6C6F,99
HNP094T2               device product:LenovoTB-X6C6F,100
HNP094T2               device product:LenovoTB-X6C6F,100
HNP094T2               device product:LenovoTB-X6C6F,100
HNP094T2               device product:LenovoTB-X6C6F,100
HNP094T2               device product:LenovoTB-X6C6F,100
HNP094T2               device product:LenovoTB-X6C6F,100
HNP094T2               device product:LenovoTB-X6C6F,100
HNP094T2               device product:LenovoTB-X6C6F,100
HNP094T2               device product:LenovoTB-X6C6F,100
HNP0952Z               device product:LenovoTB-X6C6F,100
HNP0952Z               device product:LenovoTB-X6C6F,100
